Index	Master TC	Camera Clip Name	Master TC	Lens Focus Distance	Lens Focal Length
       0	00:34:59:19	A001C025_211130_ROI7	00:34:59:19	1.852	16.023
       1	00:34:59:20	A001C025_211130_ROI7	00:34:59:20	1.852	16.023
       2	00:34:59:21	A001C025_211130_ROI7	00:34:59:21	1.852	16.023
       3	00:34:59:22	A001C025_211130_ROI7	00:34:59:22	1.852	16.023
       4	00:34:59:23	A001C025_211130_ROI7	00:34:59:23	1.852	16.023
       5	00:34:59:24	A001C025_211130_ROI7	00:34:59:24	1.852	16.023
       6	00:35:00:00	A001C025_211130_ROI7	00:35:00:00	1.852	16.023
       7	00:35:00:01	A001C025_211130_ROI7	00:35:00:01	1.852	16.023
       8	00:35:00:02	A001C025_211130_ROI7	00:35:00:02	1.852	16.023
       9	00:35:00:03	A001C025_211130_ROI7	00:35:00:03	1.852	16.023
      10	00:35:00:04	A001C025_211130_ROI7	00:35:00:04	1.852	16.023
      11	00:35:00:05	A001C025_211130_ROI7	00:35:00:05	1.852	16.023
      12	00:35:00:06	A001C025_211130_ROI7	00:35:00:06	1.852	16.023
      13	00:35:00:07	A001C025_211130_ROI7	00:35:00:07	1.852	16.023
      14	00:35:00:08	A001C025_211130_ROI7	00:35:00:08	1.852	16.023
      15	00:35:00:09	A001C025_211130_ROI7	00:35:00:09	1.852	16.023
      16	00:35:00:10	A001C025_211130_ROI7	00:35:00:10	1.852	16.023
      17	00:35:00:11	A001C025_211130_ROI7	00:35:00:11	1.852	16.023
      18	00:35:00:12	A001C025_211130_ROI7	00:35:00:12	1.852	16.023
      19	00:35:00:13	A001C025_211130_ROI7	00:35:00:13	1.852	16.023
      20	00:35:00:14	A001C025_211130_ROI7	00:35:00:14	1.852	16.023
      21	00:35:00:15	A001C025_211130_ROI7	00:35:00:15	1.852	16.023
      22	00:35:00:16	A001C025_211130_ROI7	00:35:00:16	1.852	16.023
      23	00:35:00:17	A001C025_211130_ROI7	00:35:00:17	1.852	16.023
      24	00:35:00:18	A001C025_211130_ROI7	00:35:00:18	1.852	16.023
      25	00:35:00:19	A001C025_211130_ROI7	00:35:00:19	1.852	16.023
      26	00:35:00:20	A001C025_211130_ROI7	00:35:00:20	1.852	16.023
      27	00:35:00:21	A001C025_211130_ROI7	00:35:00:21	1.852	16.023
      28	00:35:00:22	A001C025_211130_ROI7	00:35:00:22	1.852	16.023
      29	00:35:00:23	A001C025_211130_ROI7	00:35:00:23	1.852	16.023
      30	00:35:00:24	A001C025_211130_ROI7	00:35:00:24	1.852	16.023
      31	00:35:01:00	A001C025_211130_ROI7	00:35:01:00	1.852	16.023
      32	00:35:01:01	A001C025_211130_ROI7	00:35:01:01	1.852	16.023
      33	00:35:01:02	A001C025_211130_ROI7	00:35:01:02	1.852	16.023
      34	00:35:01:03	A001C025_211130_ROI7	00:35:01:03	1.852	16.023
      35	00:35:01:04	A001C025_211130_ROI7	00:35:01:04	1.852	16.023
      36	00:35:01:05	A001C025_211130_ROI7	00:35:01:05	1.852	16.023
      37	00:35:01:06	A001C025_211130_ROI7	00:35:01:06	1.852	16.023
      38	00:35:01:07	A001C025_211130_ROI7	00:35:01:07	1.852	16.023
      39	00:35:01:08	A001C025_211130_ROI7	00:35:01:08	1.852	16.023
      40	00:35:01:09	A001C025_211130_ROI7	00:35:01:09	1.852	16.023
      41	00:35:01:10	A001C025_211130_ROI7	00:35:01:10	1.852	16.023
      42	00:35:01:11	A001C025_211130_ROI7	00:35:01:11	1.852	16.023
      43	00:35:01:12	A001C025_211130_ROI7	00:35:01:12	1.852	16.023
      44	00:35:01:13	A001C025_211130_ROI7	00:35:01:13	1.852	16.023
      45	00:35:01:14	A001C025_211130_ROI7	00:35:01:14	1.852	16.023
      46	00:35:01:15	A001C025_211130_ROI7	00:35:01:15	1.852	16.023
      47	00:35:01:16	A001C025_211130_ROI7	00:35:01:16	1.852	16.023
      48	00:35:01:17	A001C025_211130_ROI7	00:35:01:17	1.852	16.023
      49	00:35:01:18	A001C025_211130_ROI7	00:35:01:18	1.852	16.023
      50	00:35:01:19	A001C025_211130_ROI7	00:35:01:19	1.852	16.023
      51	00:35:01:20	A001C025_211130_ROI7	00:35:01:20	1.852	16.023
      52	00:35:01:21	A001C025_211130_ROI7	00:35:01:21	1.852	16.023
      53	00:35:01:22	A001C025_211130_ROI7	00:35:01:22	1.852	16.023
      54	00:35:01:23	A001C025_211130_ROI7	00:35:01:23	1.852	16.023
      55	00:35:01:24	A001C025_211130_ROI7	00:35:01:24	1.852	16.023
      56	00:35:02:00	A001C025_211130_ROI7	00:35:02:00	1.852	16.023
      57	00:35:02:01	A001C025_211130_ROI7	00:35:02:01	1.852	16.023
      58	00:35:02:02	A001C025_211130_ROI7	00:35:02:02	1.852	16.023
      59	00:35:02:03	A001C025_211130_ROI7	00:35:02:03	1.852	16.023
      60	00:35:02:04	A001C025_211130_ROI7	00:35:02:04	1.852	16.023
      61	00:35:02:05	A001C025_211130_ROI7	00:35:02:05	1.852	16.023
      62	00:35:02:06	A001C025_211130_ROI7	00:35:02:06	1.852	16.023
      63	00:35:02:07	A001C025_211130_ROI7	00:35:02:07	1.852	16.023
      64	00:35:02:08	A001C025_211130_ROI7	00:35:02:08	1.852	16.023
      65	00:35:02:09	A001C025_211130_ROI7	00:35:02:09	1.852	16.023
      66	00:35:02:10	A001C025_211130_ROI7	00:35:02:10	1.852	16.023
      67	00:35:02:11	A001C025_211130_ROI7	00:35:02:11	1.852	16.023
      68	00:35:02:12	A001C025_211130_ROI7	00:35:02:12	1.852	16.023
      69	00:35:02:13	A001C025_211130_ROI7	00:35:02:13	1.852	16.023
      70	00:35:02:14	A001C025_211130_ROI7	00:35:02:14	1.852	16.023
      71	00:35:02:15	A001C025_211130_ROI7	00:35:02:15	1.852	16.023
      72	00:35:02:16	A001C025_211130_ROI7	00:35:02:16	1.852	16.023
      73	00:35:02:17	A001C025_211130_ROI7	00:35:02:17	1.852	16.023
      74	00:35:02:18	A001C025_211130_ROI7	00:35:02:18	1.852	16.023
      75	00:35:02:19	A001C025_211130_ROI7	00:35:02:19	1.852	16.023
      76	00:35:02:20	A001C025_211130_ROI7	00:35:02:20	1.852	16.023
      77	00:35:02:21	A001C025_211130_ROI7	00:35:02:21	1.852	16.023
      78	00:35:02:22	A001C025_211130_ROI7	00:35:02:22	1.852	16.023
      79	00:35:02:23	A001C025_211130_ROI7	00:35:02:23	1.852	16.023
      80	00:35:02:24	A001C025_211130_ROI7	00:35:02:24	1.852	16.023
      81	00:35:03:00	A001C025_211130_ROI7	00:35:03:00	1.852	16.023
      82	00:35:03:01	A001C025_211130_ROI7	00:35:03:01	1.852	16.023
      83	00:35:03:02	A001C025_211130_ROI7	00:35:03:02	1.852	16.023
      84	00:35:03:03	A001C025_211130_ROI7	00:35:03:03	1.852	16.023
      85	00:35:03:04	A001C025_211130_ROI7	00:35:03:04	1.852	16.023
      86	00:35:03:05	A001C025_211130_ROI7	00:35:03:05	1.852	16.023
      87	00:35:03:06	A001C025_211130_ROI7	00:35:03:06	1.852	16.023
      88	00:35:03:07	A001C025_211130_ROI7	00:35:03:07	1.852	16.023
      89	00:35:03:08	A001C025_211130_ROI7	00:35:03:08	1.852	16.023
      90	00:35:03:09	A001C025_211130_ROI7	00:35:03:09	1.852	16.023
      91	00:35:03:10	A001C025_211130_ROI7	00:35:03:10	1.852	16.023
      92	00:35:03:11	A001C025_211130_ROI7	00:35:03:11	1.852	16.023
      93	00:35:03:12	A001C025_211130_ROI7	00:35:03:12	1.852	16.023
      94	00:35:03:13	A001C025_211130_ROI7	00:35:03:13	1.852	16.023
      95	00:35:03:14	A001C025_211130_ROI7	00:35:03:14	1.852	16.023
      96	00:35:03:15	A001C025_211130_ROI7	00:35:03:15	1.852	16.023
      97	00:35:03:16	A001C025_211130_ROI7	00:35:03:16	1.852	16.023
      98	00:35:03:17	A001C025_211130_ROI7	00:35:03:17	1.852	16.023
      99	00:35:03:18	A001C025_211130_ROI7	00:35:03:18	1.852	16.023
     100	00:35:03:19	A001C025_211130_ROI7	00:35:03:19	1.852	16.023
     101	00:35:03:20	A001C025_211130_ROI7	00:35:03:20	1.852	16.023
     102	00:35:03:21	A001C025_211130_ROI7	00:35:03:21	1.852	16.023
     103	00:35:03:22	A001C025_211130_ROI7	00:35:03:22	1.852	16.023
     104	00:35:03:23	A001C025_211130_ROI7	00:35:03:23	1.852	16.023
     105	00:35:03:24	A001C025_211130_ROI7	00:35:03:24	1.852	16.023
     106	00:35:04:00	A001C025_211130_ROI7	00:35:04:00	1.852	16.023
     107	00:35:04:01	A001C025_211130_ROI7	00:35:04:01	1.852	16.023
     108	00:35:04:02	A001C025_211130_ROI7	00:35:04:02	1.852	16.023
     109	00:35:04:03	A001C025_211130_ROI7	00:35:04:03	1.852	16.023
     110	00:35:04:04	A001C025_211130_ROI7	00:35:04:04	1.852	16.023
     111	00:35:04:05	A001C025_211130_ROI7	00:35:04:05	1.852	16.023
     112	00:35:04:06	A001C025_211130_ROI7	00:35:04:06	1.852	16.023
     113	00:35:04:07	A001C025_211130_ROI7	00:35:04:07	1.852	16.023
     114	00:35:04:08	A001C025_211130_ROI7	00:35:04:08	1.852	16.023
     115	00:35:04:09	A001C025_211130_ROI7	00:35:04:09	1.852	16.023
     116	00:35:04:10	A001C025_211130_ROI7	00:35:04:10	1.852	16.023
     117	00:35:04:11	A001C025_211130_ROI7	00:35:04:11	1.852	16.023
     118	00:35:04:12	A001C025_211130_ROI7	00:35:04:12	1.852	16.023
     119	00:35:04:13	A001C025_211130_ROI7	00:35:04:13	1.852	16.023
     120	00:35:04:14	A001C025_211130_ROI7	00:35:04:14	1.852	16.023
     121	00:35:04:15	A001C025_211130_ROI7	00:35:04:15	1.852	16.023
     122	00:35:04:16	A001C025_211130_ROI7	00:35:04:16	1.852	16.023
     123	00:35:04:17	A001C025_211130_ROI7	00:35:04:17	1.852	16.023
     124	00:35:04:18	A001C025_211130_ROI7	00:35:04:18	1.852	16.023
     125	00:35:04:19	A001C025_211130_ROI7	00:35:04:19	1.852	16.023
     126	00:35:04:20	A001C025_211130_ROI7	00:35:04:20	1.852	16.023
     127	00:35:04:21	A001C025_211130_ROI7	00:35:04:21	1.852	16.023
     128	00:35:04:22	A001C025_211130_ROI7	00:35:04:22	1.852	16.023
     129	00:35:04:23	A001C025_211130_ROI7	00:35:04:23	1.852	16.023
     130	00:35:04:24	A001C025_211130_ROI7	00:35:04:24	1.852	16.023
     131	00:35:05:00	A001C025_211130_ROI7	00:35:05:00	1.852	16.023
     132	00:35:05:01	A001C025_211130_ROI7	00:35:05:01	1.852	16.023
     133	00:35:05:02	A001C025_211130_ROI7	00:35:05:02	1.852	16.023
     134	00:35:05:03	A001C025_211130_ROI7	00:35:05:03	1.852	16.023
     135	00:35:05:04	A001C025_211130_ROI7	00:35:05:04	1.852	16.023
     136	00:35:05:05	A001C025_211130_ROI7	00:35:05:05	1.852	16.023
     137	00:35:05:06	A001C025_211130_ROI7	00:35:05:06	1.852	16.023
     138	00:35:05:07	A001C025_211130_ROI7	00:35:05:07	1.852	16.023
     139	00:35:05:08	A001C025_211130_ROI7	00:35:05:08	1.852	16.023
     140	00:35:05:09	A001C025_211130_ROI7	00:35:05:09	1.852	16.023
     141	00:35:05:10	A001C025_211130_ROI7	00:35:05:10	1.852	16.023
     142	00:35:05:11	A001C025_211130_ROI7	00:35:05:11	1.852	16.023
     143	00:35:05:12	A001C025_211130_ROI7	00:35:05:12	1.852	16.023
     144	00:35:05:13	A001C025_211130_ROI7	00:35:05:13	1.852	16.023
     145	00:35:05:14	A001C025_211130_ROI7	00:35:05:14	1.852	16.023
     146	00:35:05:15	A001C025_211130_ROI7	00:35:05:15	1.852	16.023
     147	00:35:05:16	A001C025_211130_ROI7	00:35:05:16	1.852	16.023
     148	00:35:05:17	A001C025_211130_ROI7	00:35:05:17	1.852	16.023
     149	00:35:05:18	A001C025_211130_ROI7	00:35:05:18	1.852	16.023
     150	00:35:05:19	A001C025_211130_ROI7	00:35:05:19	1.852	16.023
     151	00:35:05:20	A001C025_211130_ROI7	00:35:05:20	1.852	16.023
     152	00:35:05:21	A001C025_211130_ROI7	00:35:05:21	1.852	16.023
     153	00:35:05:22	A001C025_211130_ROI7	00:35:05:22	1.852	16.023
     154	00:35:05:23	A001C025_211130_ROI7	00:35:05:23	1.852	16.023
     155	00:35:05:24	A001C025_211130_ROI7	00:35:05:24	1.852	16.023
     156	00:35:06:00	A001C025_211130_ROI7	00:35:06:00	1.852	16.023
     157	00:35:06:01	A001C025_211130_ROI7	00:35:06:01	1.852	16.023
     158	00:35:06:02	A001C025_211130_ROI7	00:35:06:02	1.851	16.023
     159	00:35:06:03	A001C025_211130_ROI7	00:35:06:03	1.848	16.023
     160	00:35:06:04	A001C025_211130_ROI7	00:35:06:04	1.846	16.023
     161	00:35:06:05	A001C025_211130_ROI7	00:35:06:05	1.844	16.023
     162	00:35:06:06	A001C025_211130_ROI7	00:35:06:06	1.844	16.023
     163	00:35:06:07	A001C025_211130_ROI7	00:35:06:07	1.842	16.023
     164	00:35:06:08	A001C025_211130_ROI7	00:35:06:08	1.840	16.023
     165	00:35:06:09	A001C025_211130_ROI7	00:35:06:09	1.838	16.023
     166	00:35:06:10	A001C025_211130_ROI7	00:35:06:10	1.837	16.040
     167	00:35:06:11	A001C025_211130_ROI7	00:35:06:11	1.836	16.077
     168	00:35:06:12	A001C025_211130_ROI7	00:35:06:12	1.834	16.123
     169	00:35:06:13	A001C025_211130_ROI7	00:35:06:13	1.833	16.183
     170	00:35:06:14	A001C025_211130_ROI7	00:35:06:14	1.830	16.258
     171	00:35:06:15	A001C025_211130_ROI7	00:35:06:15	1.828	16.342
     172	00:35:06:16	A001C025_211130_ROI7	00:35:06:16	1.826	16.427
     173	00:35:06:17	A001C025_211130_ROI7	00:35:06:17	1.825	16.494
     174	00:35:06:18	A001C025_211130_ROI7	00:35:06:18	1.824	16.540
     175	00:35:06:19	A001C025_211130_ROI7	00:35:06:19	1.824	16.577
     176	00:35:06:20	A001C025_211130_ROI7	00:35:06:20	1.824	16.615
     177	00:35:06:21	A001C025_211130_ROI7	00:35:06:21	1.824	16.648
     178	00:35:06:22	A001C025_211130_ROI7	00:35:06:22	1.823	16.690
     179	00:35:06:23	A001C025_211130_ROI7	00:35:06:23	1.823	16.742
     180	00:35:06:24	A001C025_211130_ROI7	00:35:06:24	1.822	16.815
     181	00:35:07:00	A001C025_211130_ROI7	00:35:07:00	1.821	16.904
     182	00:35:07:01	A001C025_211130_ROI7	00:35:07:01	1.820	16.996
     183	00:35:07:02	A001C025_211130_ROI7	00:35:07:02	1.819	17.049
     184	00:35:07:03	A001C025_211130_ROI7	00:35:07:03	1.818	17.094
     185	00:35:07:04	A001C025_211130_ROI7	00:35:07:04	1.817	17.136
     186	00:35:07:05	A001C025_211130_ROI7	00:35:07:05	1.816	17.176
     187	00:35:07:06	A001C025_211130_ROI7	00:35:07:06	1.815	17.228
     188	00:35:07:07	A001C025_211130_ROI7	00:35:07:07	1.815	17.295
     189	00:35:07:08	A001C025_211130_ROI7	00:35:07:08	1.814	17.370
     190	00:35:07:09	A001C025_211130_ROI7	00:35:07:09	1.813	17.445
     191	00:35:07:10	A001C025_211130_ROI7	00:35:07:10	1.813	17.516
     192	00:35:07:11	A001C025_211130_ROI7	00:35:07:11	1.813	17.581
     193	00:35:07:12	A001C025_211130_ROI7	00:35:07:12	1.813	17.644
     194	00:35:07:13	A001C025_211130_ROI7	00:35:07:13	1.813	17.706
     195	00:35:07:14	A001C025_211130_ROI7	00:35:07:14	1.812	17.768
     196	00:35:07:15	A001C025_211130_ROI7	00:35:07:15	1.810	17.825
     197	00:35:07:16	A001C025_211130_ROI7	00:35:07:16	1.809	17.881
     198	00:35:07:17	A001C025_211130_ROI7	00:35:07:17	1.807	17.936
     199	00:35:07:18	A001C025_211130_ROI7	00:35:07:18	1.805	17.998
     200	00:35:07:19	A001C025_211130_ROI7	00:35:07:19	1.804	18.068
     201	00:35:07:20	A001C025_211130_ROI7	00:35:07:20	1.802	18.137
     202	00:35:07:21	A001C025_211130_ROI7	00:35:07:21	1.800	18.207
     203	00:35:07:22	A001C025_211130_ROI7	00:35:07:22	1.799	18.280
     204	00:35:07:23	A001C025_211130_ROI7	00:35:07:23	1.798	18.362
     205	00:35:07:24	A001C025_211130_ROI7	00:35:07:24	1.798	18.451
     206	00:35:08:00	A001C025_211130_ROI7	00:35:08:00	1.797	18.557
     207	00:35:08:01	A001C025_211130_ROI7	00:35:08:01	1.796	18.663
     208	00:35:08:02	A001C025_211130_ROI7	00:35:08:02	1.796	18.762
     209	00:35:08:03	A001C025_211130_ROI7	00:35:08:03	1.796	18.842
     210	00:35:08:04	A001C025_211130_ROI7	00:35:08:04	1.795	18.925
     211	00:35:08:05	A001C025_211130_ROI7	00:35:08:05	1.794	19.013
     212	00:35:08:06	A001C025_211130_ROI7	00:35:08:06	1.792	19.094
     213	00:35:08:07	A001C025_211130_ROI7	00:35:08:07	1.790	19.167
     214	00:35:08:08	A001C025_211130_ROI7	00:35:08:08	1.787	19.232
     215	00:35:08:09	A001C025_211130_ROI7	00:35:08:09	1.785	19.284
     216	00:35:08:10	A001C025_211130_ROI7	00:35:08:10	1.782	19.334
     217	00:35:08:11	A001C025_211130_ROI7	00:35:08:11	1.779	19.379
     218	00:35:08:12	A001C025_211130_ROI7	00:35:08:12	1.777	19.421
     219	00:35:08:13	A001C025_211130_ROI7	00:35:08:13	1.774	19.457
     220	00:35:08:14	A001C025_211130_ROI7	00:35:08:14	1.771	19.484
     221	00:35:08:15	A001C025_211130_ROI7	00:35:08:15	1.768	19.508
     222	00:35:08:16	A001C025_211130_ROI7	00:35:08:16	1.765	19.534
     223	00:35:08:17	A001C025_211130_ROI7	00:35:08:17	1.761	19.561
     224	00:35:08:18	A001C025_211130_ROI7	00:35:08:18	1.756	19.591
     225	00:35:08:19	A001C025_211130_ROI7	00:35:08:19	1.752	19.621
     226	00:35:08:20	A001C025_211130_ROI7	00:35:08:20	1.747	19.650
     227	00:35:08:21	A001C025_211130_ROI7	00:35:08:21	1.744	19.674
     228	00:35:08:22	A001C025_211130_ROI7	00:35:08:22	1.740	19.689
     229	00:35:08:23	A001C025_211130_ROI7	00:35:08:23	1.737	19.700
     230	00:35:08:24	A001C025_211130_ROI7	00:35:08:24	1.734	19.709
     231	00:35:09:00	A001C025_211130_ROI7	00:35:09:00	1.731	19.724
     232	00:35:09:01	A001C025_211130_ROI7	00:35:09:01	1.728	19.743
     233	00:35:09:02	A001C025_211130_ROI7	00:35:09:02	1.725	19.768
     234	00:35:09:03	A001C025_211130_ROI7	00:35:09:03	1.721	19.795
     235	00:35:09:04	A001C025_211130_ROI7	00:35:09:04	1.717	19.822
     236	00:35:09:05	A001C025_211130_ROI7	00:35:09:05	1.712	19.852
     237	00:35:09:06	A001C025_211130_ROI7	00:35:09:06	1.707	19.882
     238	00:35:09:07	A001C025_211130_ROI7	00:35:09:07	1.704	19.910
     239	00:35:09:08	A001C025_211130_ROI7	00:35:09:08	1.700	19.940
     240	00:35:09:09	A001C025_211130_ROI7	00:35:09:09	1.698	19.963
     241	00:35:09:10	A001C025_211130_ROI7	00:35:09:10	1.695	19.976
     242	00:35:09:11	A001C025_211130_ROI7	00:35:09:11	1.693	19.983
     243	00:35:09:12	A001C025_211130_ROI7	00:35:09:12	1.691	19.990
     244	00:35:09:13	A001C025_211130_ROI7	00:35:09:13	1.689	19.999
     245	00:35:09:14	A001C025_211130_ROI7	00:35:09:14	1.686	20.010
     246	00:35:09:15	A001C025_211130_ROI7	00:35:09:15	1.683	20.027
     247	00:35:09:16	A001C025_211130_ROI7	00:35:09:16	1.679	20.048
     248	00:35:09:17	A001C025_211130_ROI7	00:35:09:17	1.676	20.075
     249	00:35:09:18	A001C025_211130_ROI7	00:35:09:18	1.673	20.118
     250	00:35:09:19	A001C025_211130_ROI7	00:35:09:19	1.671	20.169
     251	00:35:09:20	A001C025_211130_ROI7	00:35:09:20	1.670	20.223
     252	00:35:09:21	A001C025_211130_ROI7	00:35:09:21	1.669	20.276
     253	00:35:09:22	A001C025_211130_ROI7	00:35:09:22	1.667	20.326
     254	00:35:09:23	A001C025_211130_ROI7	00:35:09:23	1.666	20.366
     255	00:35:09:24	A001C025_211130_ROI7	00:35:09:24	1.665	20.401
     256	00:35:10:00	A001C025_211130_ROI7	00:35:10:00	1.665	20.431
     257	00:35:10:01	A001C025_211130_ROI7	00:35:10:01	1.665	20.459
     258	00:35:10:02	A001C025_211130_ROI7	00:35:10:02	1.664	20.494
     259	00:35:10:03	A001C025_211130_ROI7	00:35:10:03	1.664	20.536
     260	00:35:10:04	A001C025_211130_ROI7	00:35:10:04	1.664	20.577
     261	00:35:10:05	A001C025_211130_ROI7	00:35:10:05	1.664	20.626
     262	00:35:10:06	A001C025_211130_ROI7	00:35:10:06	1.663	20.681
     263	00:35:10:07	A001C025_211130_ROI7	00:35:10:07	1.662	20.741
     264	00:35:10:08	A001C025_211130_ROI7	00:35:10:08	1.662	20.792
     265	00:35:10:09	A001C025_211130_ROI7	00:35:10:09	1.661	20.840
     266	00:35:10:10	A001C025_211130_ROI7	00:35:10:10	1.660	20.883
     267	00:35:10:11	A001C025_211130_ROI7	00:35:10:11	1.659	20.917
     268	00:35:10:12	A001C025_211130_ROI7	00:35:10:12	1.657	20.952
     269	00:35:10:13	A001C025_211130_ROI7	00:35:10:13	1.655	20.991
     270	00:35:10:14	A001C025_211130_ROI7	00:35:10:14	1.652	21.039
     271	00:35:10:15	A001C025_211130_ROI7	00:35:10:15	1.649	21.107
     272	00:35:10:16	A001C025_211130_ROI7	00:35:10:16	1.645	21.186
     273	00:35:10:17	A001C025_211130_ROI7	00:35:10:17	1.641	21.277
     274	00:35:10:18	A001C025_211130_ROI7	00:35:10:18	1.637	21.379
     275	00:35:10:19	A001C025_211130_ROI7	00:35:10:19	1.632	21.489
     276	00:35:10:20	A001C025_211130_ROI7	00:35:10:20	1.626	21.601
     277	00:35:10:21	A001C025_211130_ROI7	00:35:10:21	1.620	21.702
     278	00:35:10:22	A001C025_211130_ROI7	00:35:10:22	1.613	21.790
     279	00:35:10:23	A001C025_211130_ROI7	00:35:10:23	1.606	21.872
     280	00:35:10:24	A001C025_211130_ROI7	00:35:10:24	1.600	21.942
     281	00:35:11:00	A001C025_211130_ROI7	00:35:11:00	1.593	22.022
     282	00:35:11:01	A001C025_211130_ROI7	00:35:11:01	1.585	22.117
     283	00:35:11:02	A001C025_211130_ROI7	00:35:11:02	1.578	22.221
     284	00:35:11:03	A001C025_211130_ROI7	00:35:11:03	1.570	22.338
     285	00:35:11:04	A001C025_211130_ROI7	00:35:11:04	1.561	22.464
     286	00:35:11:05	A001C025_211130_ROI7	00:35:11:05	1.552	22.571
     287	00:35:11:06	A001C025_211130_ROI7	00:35:11:06	1.542	22.677
     288	00:35:11:07	A001C025_211130_ROI7	00:35:11:07	1.532	22.787
     289	00:35:11:08	A001C025_211130_ROI7	00:35:11:08	1.522	22.904
     290	00:35:11:09	A001C025_211130_ROI7	00:35:11:09	1.512	23.026
     291	00:35:11:10	A001C025_211130_ROI7	00:35:11:10	1.502	23.168
     292	00:35:11:11	A001C025_211130_ROI7	00:35:11:11	1.490	23.306
     293	00:35:11:12	A001C025_211130_ROI7	00:35:11:12	1.478	23.445
     294	00:35:11:13	A001C025_211130_ROI7	00:35:11:13	1.467	23.590
     295	00:35:11:14	A001C025_211130_ROI7	00:35:11:14	1.457	23.729
     296	00:35:11:15	A001C025_211130_ROI7	00:35:11:15	1.447	23.854
     297	00:35:11:16	A001C025_211130_ROI7	00:35:11:16	1.438	23.968
     298	00:35:11:17	A001C025_211130_ROI7	00:35:11:17	1.431	24.089
     299	00:35:11:18	A001C025_211130_ROI7	00:35:11:18	1.423	24.211
     300	00:35:11:19	A001C025_211130_ROI7	00:35:11:19	1.416	24.337
     301	00:35:11:20	A001C025_211130_ROI7	00:35:11:20	1.409	24.454
     302	00:35:11:21	A001C025_211130_ROI7	00:35:11:21	1.402	24.550
     303	00:35:11:22	A001C025_211130_ROI7	00:35:11:22	1.396	24.631
     304	00:35:11:23	A001C025_211130_ROI7	00:35:11:23	1.391	24.719
     305	00:35:11:24	A001C025_211130_ROI7	00:35:11:24	1.384	24.821
     306	00:35:12:00	A001C025_211130_ROI7	00:35:12:00	1.377	24.932
     307	00:35:12:01	A001C025_211130_ROI7	00:35:12:01	1.370	25.036
     308	00:35:12:02	A001C025_211130_ROI7	00:35:12:02	1.363	25.128
     309	00:35:12:03	A001C025_211130_ROI7	00:35:12:03	1.354	25.196
     310	00:35:12:04	A001C025_211130_ROI7	00:35:12:04	1.345	25.233
     311	00:35:12:05	A001C025_211130_ROI7	00:35:12:05	1.335	25.250
     312	00:35:12:06	A001C025_211130_ROI7	00:35:12:06	1.326	25.261
     313	00:35:12:07	A001C025_211130_ROI7	00:35:12:07	1.318	25.272
     314	00:35:12:08	A001C025_211130_ROI7	00:35:12:08	1.312	25.287
     315	00:35:12:09	A001C025_211130_ROI7	00:35:12:09	1.305	25.298
     316	00:35:12:10	A001C025_211130_ROI7	00:35:12:10	1.300	25.305
     317	00:35:12:11	A001C025_211130_ROI7	00:35:12:11	1.296	25.318
     318	00:35:12:12	A001C025_211130_ROI7	00:35:12:12	1.292	25.345
     319	00:35:12:13	A001C025_211130_ROI7	00:35:12:13	1.288	25.383
     320	00:35:12:14	A001C025_211130_ROI7	00:35:12:14	1.284	25.432
     321	00:35:12:15	A001C025_211130_ROI7	00:35:12:15	1.280	25.494
     322	00:35:12:16	A001C025_211130_ROI7	00:35:12:16	1.276	25.572
     323	00:35:12:17	A001C025_211130_ROI7	00:35:12:17	1.271	25.651
     324	00:35:12:18	A001C025_211130_ROI7	00:35:12:18	1.267	25.735
     325	00:35:12:19	A001C025_211130_ROI7	00:35:12:19	1.261	25.815
     326	00:35:12:20	A001C025_211130_ROI7	00:35:12:20	1.255	25.896
     327	00:35:12:21	A001C025_211130_ROI7	00:35:12:21	1.249	26.005
     328	00:35:12:22	A001C025_211130_ROI7	00:35:12:22	1.242	26.145
     329	00:35:12:23	A001C025_211130_ROI7	00:35:12:23	1.234	26.298
     330	00:35:12:24	A001C025_211130_ROI7	00:35:12:24	1.227	26.446
     331	00:35:13:00	A001C025_211130_ROI7	00:35:13:00	1.220	26.558
     332	00:35:13:01	A001C025_211130_ROI7	00:35:13:01	1.216	26.617
     333	00:35:13:02	A001C025_211130_ROI7	00:35:13:02	1.212	26.644
     334	00:35:13:03	A001C025_211130_ROI7	00:35:13:03	1.209	26.657
     335	00:35:13:04	A001C025_211130_ROI7	00:35:13:04	1.207	26.672
     336	00:35:13:05	A001C025_211130_ROI7	00:35:13:05	1.205	26.702
     337	00:35:13:06	A001C025_211130_ROI7	00:35:13:06	1.202	26.753
     338	00:35:13:07	A001C025_211130_ROI7	00:35:13:07	1.199	26.808
     339	00:35:13:08	A001C025_211130_ROI7	00:35:13:08	1.197	26.867
     340	00:35:13:09	A001C025_211130_ROI7	00:35:13:09	1.195	26.932
     341	00:35:13:10	A001C025_211130_ROI7	00:35:13:10	1.194	27.006
     342	00:35:13:11	A001C025_211130_ROI7	00:35:13:11	1.193	27.101
     343	00:35:13:12	A001C025_211130_ROI7	00:35:13:12	1.192	27.218
     344	00:35:13:13	A001C025_211130_ROI7	00:35:13:13	1.191	27.359
     345	00:35:13:14	A001C025_211130_ROI7	00:35:13:14	1.190	27.506
     346	00:35:13:15	A001C025_211130_ROI7	00:35:13:15	1.190	27.663
     347	00:35:13:16	A001C025_211130_ROI7	00:35:13:16	1.189	27.817
     348	00:35:13:17	A001C025_211130_ROI7	00:35:13:17	1.189	27.962
     349	00:35:13:18	A001C025_211130_ROI7	00:35:13:18	1.189	28.107
     350	00:35:13:19	A001C025_211130_ROI7	00:35:13:19	1.189	28.246
     351	00:35:13:20	A001C025_211130_ROI7	00:35:13:20	1.188	28.367
     352	00:35:13:21	A001C025_211130_ROI7	00:35:13:21	1.187	28.475
     353	00:35:13:22	A001C025_211130_ROI7	00:35:13:22	1.186	28.572
     354	00:35:13:23	A001C025_211130_ROI7	00:35:13:23	1.185	28.665
     355	00:35:13:24	A001C025_211130_ROI7	00:35:13:24	1.182	28.757
     356	00:35:14:00	A001C025_211130_ROI7	00:35:14:00	1.179	28.861
     357	00:35:14:01	A001C025_211130_ROI7	00:35:14:01	1.177	28.971
     358	00:35:14:02	A001C025_211130_ROI7	00:35:14:02	1.174	29.082
     359	00:35:14:03	A001C025_211130_ROI7	00:35:14:03	1.170	29.194
     360	00:35:14:04	A001C025_211130_ROI7	00:35:14:04	1.165	29.304
     361	00:35:14:05	A001C025_211130_ROI7	00:35:14:05	1.161	29.423
     362	00:35:14:06	A001C025_211130_ROI7	00:35:14:06	1.155	29.554
     363	00:35:14:07	A001C025_211130_ROI7	00:35:14:07	1.148	29.706
     364	00:35:14:08	A001C025_211130_ROI7	00:35:14:08	1.141	29.888
     365	00:35:14:09	A001C025_211130_ROI7	00:35:14:09	1.133	30.171
     366	00:35:14:10	A001C025_211130_ROI7	00:35:14:10	1.125	30.558
     367	00:35:14:11	A001C025_211130_ROI7	00:35:14:11	1.118	30.931
     368	00:35:14:12	A001C025_211130_ROI7	00:35:14:12	1.110	31.232
     369	00:35:14:13	A001C025_211130_ROI7	00:35:14:13	1.103	31.492
     370	00:35:14:14	A001C025_211130_ROI7	00:35:14:14	1.096	31.702
     371	00:35:14:15	A001C025_211130_ROI7	00:35:14:15	1.090	31.823
     372	00:35:14:16	A001C025_211130_ROI7	00:35:14:16	1.084	31.878
     373	00:35:14:17	A001C025_211130_ROI7	00:35:14:17	1.079	31.901
     374	00:35:14:18	A001C025_211130_ROI7	00:35:14:18	1.075	31.912
     375	00:35:14:19	A001C025_211130_ROI7	00:35:14:19	1.070	31.917
     376	00:35:14:20	A001C025_211130_ROI7	00:35:14:20	1.067	31.920
     377	00:35:14:21	A001C025_211130_ROI7	00:35:14:21	1.064	31.920
     378	00:35:14:22	A001C025_211130_ROI7	00:35:14:22	1.062	31.920
     379	00:35:14:23	A001C025_211130_ROI7	00:35:14:23	1.061	31.920
     380	00:35:14:24	A001C025_211130_ROI7	00:35:14:24	1.059	31.923
     381	00:35:15:00	A001C025_211130_ROI7	00:35:15:00	1.058	31.923
     382	00:35:15:01	A001C025_211130_ROI7	00:35:15:01	1.056	31.923
     383	00:35:15:02	A001C025_211130_ROI7	00:35:15:02	1.055	31.923
     384	00:35:15:03	A001C025_211130_ROI7	00:35:15:03	1.053	31.923
     385	00:35:15:04	A001C025_211130_ROI7	00:35:15:04	1.052	31.923
     386	00:35:15:05	A001C025_211130_ROI7	00:35:15:05	1.051	31.923
     387	00:35:15:06	A001C025_211130_ROI7	00:35:15:06	1.049	31.923
     388	00:35:15:07	A001C025_211130_ROI7	00:35:15:07	1.048	31.923
     389	00:35:15:08	A001C025_211130_ROI7	00:35:15:08	1.047	31.923
     390	00:35:15:09	A001C025_211130_ROI7	00:35:15:09	1.047	31.923
     391	00:35:15:10	A001C025_211130_ROI7	00:35:15:10	1.046	31.923
     392	00:35:15:11	A001C025_211130_ROI7	00:35:15:11	1.045	31.925
     393	00:35:15:12	A001C025_211130_ROI7	00:35:15:12	1.043	31.925
     394	00:35:15:13	A001C025_211130_ROI7	00:35:15:13	1.042	31.925
     395	00:35:15:14	A001C025_211130_ROI7	00:35:15:14	1.041	31.925
     396	00:35:15:15	A001C025_211130_ROI7	00:35:15:15	1.040	31.925
     397	00:35:15:16	A001C025_211130_ROI7	00:35:15:16	1.039	31.925
     398	00:35:15:17	A001C025_211130_ROI7	00:35:15:17	1.038	31.925
     399	00:35:15:18	A001C025_211130_ROI7	00:35:15:18	1.036	31.925
     400	00:35:15:19	A001C025_211130_ROI7	00:35:15:19	1.035	31.925
     401	00:35:15:20	A001C025_211130_ROI7	00:35:15:20	1.034	31.925
     402	00:35:15:21	A001C025_211130_ROI7	00:35:15:21	1.033	31.925
     403	00:35:15:22	A001C025_211130_ROI7	00:35:15:22	1.032	31.925
     404	00:35:15:23	A001C025_211130_ROI7	00:35:15:23	1.030	31.925
     405	00:35:15:24	A001C025_211130_ROI7	00:35:15:24	1.029	31.925
     406	00:35:16:00	A001C025_211130_ROI7	00:35:16:00	1.028	31.925
     407	00:35:16:01	A001C025_211130_ROI7	00:35:16:01	1.028	31.925
     408	00:35:16:02	A001C025_211130_ROI7	00:35:16:02	1.027	31.925
     409	00:35:16:03	A001C025_211130_ROI7	00:35:16:03	1.027	31.925
     410	00:35:16:04	A001C025_211130_ROI7	00:35:16:04	1.026	31.925
     411	00:35:16:05	A001C025_211130_ROI7	00:35:16:05	1.026	31.925
     412	00:35:16:06	A001C025_211130_ROI7	00:35:16:06	1.025	31.925
     413	00:35:16:07	A001C025_211130_ROI7	00:35:16:07	1.024	31.925
     414	00:35:16:08	A001C025_211130_ROI7	00:35:16:08	1.023	31.925
     415	00:35:16:09	A001C025_211130_ROI7	00:35:16:09	1.022	31.925
     416	00:35:16:10	A001C025_211130_ROI7	00:35:16:10	1.021	31.925
     417	00:35:16:11	A001C025_211130_ROI7	00:35:16:11	1.020	31.925
     418	00:35:16:12	A001C025_211130_ROI7	00:35:16:12	1.019	31.925
     419	00:35:16:13	A001C025_211130_ROI7	00:35:16:13	1.018	31.925
     420	00:35:16:14	A001C025_211130_ROI7	00:35:16:14	1.017	31.925
     421	00:35:16:15	A001C025_211130_ROI7	00:35:16:15	1.017	31.925
     422	00:35:16:16	A001C025_211130_ROI7	00:35:16:16	1.016	31.925
     423	00:35:16:17	A001C025_211130_ROI7	00:35:16:17	1.016	31.925
     424	00:35:16:18	A001C025_211130_ROI7	00:35:16:18	1.016	31.925
     425	00:35:16:19	A001C025_211130_ROI7	00:35:16:19	1.015	31.925
     426	00:35:16:20	A001C025_211130_ROI7	00:35:16:20	1.014	31.925
     427	00:35:16:21	A001C025_211130_ROI7	00:35:16:21	1.014	31.925
     428	00:35:16:22	A001C025_211130_ROI7	00:35:16:22	1.013	31.925
     429	00:35:16:23	A001C025_211130_ROI7	00:35:16:23	1.013	31.925
     430	00:35:16:24	A001C025_211130_ROI7	00:35:16:24	1.012	31.925
     431	00:35:17:00	A001C025_211130_ROI7	00:35:17:00	1.012	31.925
     432	00:35:17:01	A001C025_211130_ROI7	00:35:17:01	1.012	31.925
     433	00:35:17:02	A001C025_211130_ROI7	00:35:17:02	1.012	31.925
     434	00:35:17:03	A001C025_211130_ROI7	00:35:17:03	1.011	31.925
     435	00:35:17:04	A001C025_211130_ROI7	00:35:17:04	1.011	31.925
     436	00:35:17:05	A001C025_211130_ROI7	00:35:17:05	1.010	31.925
     437	00:35:17:06	A001C025_211130_ROI7	00:35:17:06	1.009	31.925
     438	00:35:17:07	A001C025_211130_ROI7	00:35:17:07	1.009	31.925
     439	00:35:17:08	A001C025_211130_ROI7	00:35:17:08	1.008	31.925
     440	00:35:17:09	A001C025_211130_ROI7	00:35:17:09	1.007	31.925
     441	00:35:17:10	A001C025_211130_ROI7	00:35:17:10	1.007	31.925
     442	00:35:17:11	A001C025_211130_ROI7	00:35:17:11	1.006	31.925
     443	00:35:17:12	A001C025_211130_ROI7	00:35:17:12	1.006	31.925
     444	00:35:17:13	A001C025_211130_ROI7	00:35:17:13	1.005	31.925
     445	00:35:17:14	A001C025_211130_ROI7	00:35:17:14	1.004	31.925
     446	00:35:17:15	A001C025_211130_ROI7	00:35:17:15	1.003	31.925
     447	00:35:17:16	A001C025_211130_ROI7	00:35:17:16	1.002	31.925
     448	00:35:17:17	A001C025_211130_ROI7	00:35:17:17	1.002	31.925
     449	00:35:17:18	A001C025_211130_ROI7	00:35:17:18	1.001	31.925
     450	00:35:17:19	A001C025_211130_ROI7	00:35:17:19	1.001	31.925
     451	00:35:17:20	A001C025_211130_ROI7	00:35:17:20	1.001	31.925
     452	00:35:17:21	A001C025_211130_ROI7	00:35:17:21	1.001	31.925
     453	00:35:17:22	A001C025_211130_ROI7	00:35:17:22	1.000	31.925
     454	00:35:17:23	A001C025_211130_ROI7	00:35:17:23	1.000	31.925
     455	00:35:17:24	A001C025_211130_ROI7	00:35:17:24	1.000	31.925
     456	00:35:18:00	A001C025_211130_ROI7	00:35:18:00	1.000	31.925
     457	00:35:18:01	A001C025_211130_ROI7	00:35:18:01	1.000	31.925
     458	00:35:18:02	A001C025_211130_ROI7	00:35:18:02	1.000	31.925
     459	00:35:18:03	A001C025_211130_ROI7	00:35:18:03	1.000	31.925
     460	00:35:18:04	A001C025_211130_ROI7	00:35:18:04	0.999	31.925
     461	00:35:18:05	A001C025_211130_ROI7	00:35:18:05	0.998	31.925
     462	00:35:18:06	A001C025_211130_ROI7	00:35:18:06	0.998	31.925
     463	00:35:18:07	A001C025_211130_ROI7	00:35:18:07	0.997	31.925
     464	00:35:18:08	A001C025_211130_ROI7	00:35:18:08	0.997	31.925
     465	00:35:18:09	A001C025_211130_ROI7	00:35:18:09	0.997	31.925
     466	00:35:18:10	A001C025_211130_ROI7	00:35:18:10	0.996	31.925
     467	00:35:18:11	A001C025_211130_ROI7	00:35:18:11	0.996	31.925
     468	00:35:18:12	A001C025_211130_ROI7	00:35:18:12	0.996	31.925
     469	00:35:18:13	A001C025_211130_ROI7	00:35:18:13	0.995	31.925
     470	00:35:18:14	A001C025_211130_ROI7	00:35:18:14	0.995	31.925
     471	00:35:18:15	A001C025_211130_ROI7	00:35:18:15	0.994	31.925
     472	00:35:18:16	A001C025_211130_ROI7	00:35:18:16	0.993	31.925
     473	00:35:18:17	A001C025_211130_ROI7	00:35:18:17	0.992	31.925
     474	00:35:18:18	A001C025_211130_ROI7	00:35:18:18	0.992	31.925
     475	00:35:18:19	A001C025_211130_ROI7	00:35:18:19	0.991	31.925
     476	00:35:18:20	A001C025_211130_ROI7	00:35:18:20	0.991	31.925
     477	00:35:18:21	A001C025_211130_ROI7	00:35:18:21	0.991	31.925
     478	00:35:18:22	A001C025_211130_ROI7	00:35:18:22	0.991	31.925
     479	00:35:18:23	A001C025_211130_ROI7	00:35:18:23	0.991	31.925
     480	00:35:18:24	A001C025_211130_ROI7	00:35:18:24	0.990	31.925
     481	00:35:19:00	A001C025_211130_ROI7	00:35:19:00	0.990	31.925
     482	00:35:19:01	A001C025_211130_ROI7	00:35:19:01	0.990	31.925
     483	00:35:19:02	A001C025_211130_ROI7	00:35:19:02	0.989	31.925
     484	00:35:19:03	A001C025_211130_ROI7	00:35:19:03	0.989	31.925
     485	00:35:19:04	A001C025_211130_ROI7	00:35:19:04	0.988	31.925
     486	00:35:19:05	A001C025_211130_ROI7	00:35:19:05	0.987	31.925
     487	00:35:19:06	A001C025_211130_ROI7	00:35:19:06	0.987	31.925
     488	00:35:19:07	A001C025_211130_ROI7	00:35:19:07	0.986	31.925
     489	00:35:19:08	A001C025_211130_ROI7	00:35:19:08	0.986	31.925
     490	00:35:19:09	A001C025_211130_ROI7	00:35:19:09	0.986	31.925
     491	00:35:19:10	A001C025_211130_ROI7	00:35:19:10	0.985	31.925
     492	00:35:19:11	A001C025_211130_ROI7	00:35:19:11	0.985	31.925
     493	00:35:19:12	A001C025_211130_ROI7	00:35:19:12	0.985	31.925
     494	00:35:19:13	A001C025_211130_ROI7	00:35:19:13	0.984	31.925
     495	00:35:19:14	A001C025_211130_ROI7	00:35:19:14	0.984	31.925
     496	00:35:19:15	A001C025_211130_ROI7	00:35:19:15	0.983	31.925
     497	00:35:19:16	A001C025_211130_ROI7	00:35:19:16	0.983	31.925
     498	00:35:19:17	A001C025_211130_ROI7	00:35:19:17	0.983	31.925
     499	00:35:19:18	A001C025_211130_ROI7	00:35:19:18	0.983	31.925
     500	00:35:19:19	A001C025_211130_ROI7	00:35:19:19	0.983	31.925
     501	00:35:19:20	A001C025_211130_ROI7	00:35:19:20	0.983	31.925
     502	00:35:19:21	A001C025_211130_ROI7	00:35:19:21	0.983	31.928
     503	00:35:19:22	A001C025_211130_ROI7	00:35:19:22	0.987	31.928
     504	00:35:19:23	A001C025_211130_ROI7	00:35:19:23	0.990	31.928
     505	00:35:19:24	A001C025_211130_ROI7	00:35:19:24	0.991	31.928
     506	00:35:20:00	A001C025_211130_ROI7	00:35:20:00	0.990	31.928
     507	00:35:20:01	A001C025_211130_ROI7	00:35:20:01	0.980	31.928
     508	00:35:20:02	A001C025_211130_ROI7	00:35:20:02	0.963	31.928
     509	00:35:20:03	A001C025_211130_ROI7	00:35:20:03	0.943	31.928
     510	00:35:20:04	A001C025_211130_ROI7	00:35:20:04	0.921	31.928
     511	00:35:20:05	A001C025_211130_ROI7	00:35:20:05	0.902	31.928
     512	00:35:20:06	A001C025_211130_ROI7	00:35:20:06	0.885	31.928
     513	00:35:20:07	A001C025_211130_ROI7	00:35:20:07	0.871	31.928
     514	00:35:20:08	A001C025_211130_ROI7	00:35:20:08	0.859	31.928
     515	00:35:20:09	A001C025_211130_ROI7	00:35:20:09	0.847	31.928
     516	00:35:20:10	A001C025_211130_ROI7	00:35:20:10	0.838	31.928
     517	00:35:20:11	A001C025_211130_ROI7	00:35:20:11	0.830	31.928
     518	00:35:20:12	A001C025_211130_ROI7	00:35:20:12	0.822	31.928
     519	00:35:20:13	A001C025_211130_ROI7	00:35:20:13	0.816	31.928
     520	00:35:20:14	A001C025_211130_ROI7	00:35:20:14	0.810	31.928
     521	00:35:20:15	A001C025_211130_ROI7	00:35:20:15	0.805	31.928
     522	00:35:20:16	A001C025_211130_ROI7	00:35:20:16	0.800	31.928
     523	00:35:20:17	A001C025_211130_ROI7	00:35:20:17	0.796	31.928
     524	00:35:20:18	A001C025_211130_ROI7	00:35:20:18	0.793	31.928
     525	00:35:20:19	A001C025_211130_ROI7	00:35:20:19	0.789	31.928
     526	00:35:20:20	A001C025_211130_ROI7	00:35:20:20	0.786	31.928
     527	00:35:20:21	A001C025_211130_ROI7	00:35:20:21	0.784	31.928
     528	00:35:20:22	A001C025_211130_ROI7	00:35:20:22	0.781	31.928
     529	00:35:20:23	A001C025_211130_ROI7	00:35:20:23	0.778	31.928
     530	00:35:20:24	A001C025_211130_ROI7	00:35:20:24	0.775	31.928
     531	00:35:21:00	A001C025_211130_ROI7	00:35:21:00	0.773	31.928
     532	00:35:21:01	A001C025_211130_ROI7	00:35:21:01	0.771	31.928
     533	00:35:21:02	A001C025_211130_ROI7	00:35:21:02	0.769	31.928
     534	00:35:21:03	A001C025_211130_ROI7	00:35:21:03	0.768	31.928
     535	00:35:21:04	A001C025_211130_ROI7	00:35:21:04	0.767	31.928
     536	00:35:21:05	A001C025_211130_ROI7	00:35:21:05	0.767	31.928
     537	00:35:21:06	A001C025_211130_ROI7	00:35:21:06	0.767	31.928
     538	00:35:21:07	A001C025_211130_ROI7	00:35:21:07	0.767	31.928
     539	00:35:21:08	A001C025_211130_ROI7	00:35:21:08	0.768	31.928
     540	00:35:21:09	A001C025_211130_ROI7	00:35:21:09	0.768	31.928
     541	00:35:21:10	A001C025_211130_ROI7	00:35:21:10	0.768	31.928
     542	00:35:21:11	A001C025_211130_ROI7	00:35:21:11	0.768	31.928
     543	00:35:21:12	A001C025_211130_ROI7	00:35:21:12	0.768	31.928
     544	00:35:21:13	A001C025_211130_ROI7	00:35:21:13	0.768	31.928
     545	00:35:21:14	A001C025_211130_ROI7	00:35:21:14	0.768	31.928
     546	00:35:21:15	A001C025_211130_ROI7	00:35:21:15	0.768	31.928
     547	00:35:21:16	A001C025_211130_ROI7	00:35:21:16	0.768	31.928
     548	00:35:21:17	A001C025_211130_ROI7	00:35:21:17	0.768	31.928
     549	00:35:21:18	A001C025_211130_ROI7	00:35:21:18	0.768	31.928
     550	00:35:21:19	A001C025_211130_ROI7	00:35:21:19	0.768	31.928
     551	00:35:21:20	A001C025_211130_ROI7	00:35:21:20	0.768	31.928
     552	00:35:21:21	A001C025_211130_ROI7	00:35:21:21	0.768	31.928
     553	00:35:21:22	A001C025_211130_ROI7	00:35:21:22	0.768	31.928
     554	00:35:21:23	A001C025_211130_ROI7	00:35:21:23	0.768	31.928
     555	00:35:21:24	A001C025_211130_ROI7	00:35:21:24	0.768	31.928
     556	00:35:22:00	A001C025_211130_ROI7	00:35:22:00	0.768	31.928
     557	00:35:22:01	A001C025_211130_ROI7	00:35:22:01	0.768	31.928
     558	00:35:22:02	A001C025_211130_ROI7	00:35:22:02	0.768	31.928
     559	00:35:22:03	A001C025_211130_ROI7	00:35:22:03	0.768	31.928
     560	00:35:22:04	A001C025_211130_ROI7	00:35:22:04	0.768	31.928
     561	00:35:22:05	A001C025_211130_ROI7	00:35:22:05	0.768	31.928
     562	00:35:22:06	A001C025_211130_ROI7	00:35:22:06	0.768	31.928
     563	00:35:22:07	A001C025_211130_ROI7	00:35:22:07	0.768	31.928
     564	00:35:22:08	A001C025_211130_ROI7	00:35:22:08	0.768	31.928
     565	00:35:22:09	A001C025_211130_ROI7	00:35:22:09	0.768	31.928
     566	00:35:22:10	A001C025_211130_ROI7	00:35:22:10	0.768	31.928
     567	00:35:22:11	A001C025_211130_ROI7	00:35:22:11	0.768	31.928
     568	00:35:22:12	A001C025_211130_ROI7	00:35:22:12	0.768	31.928
     569	00:35:22:13	A001C025_211130_ROI7	00:35:22:13	0.768	31.928
     570	00:35:22:14	A001C025_211130_ROI7	00:35:22:14	0.768	31.928
     571	00:35:22:15	A001C025_211130_ROI7	00:35:22:15	0.768	31.928
     572	00:35:22:16	A001C025_211130_ROI7	00:35:22:16	0.768	31.928
     573	00:35:22:17	A001C025_211130_ROI7	00:35:22:17	0.768	31.928
     574	00:35:22:18	A001C025_211130_ROI7	00:35:22:18	0.768	31.928
     575	00:35:22:19	A001C025_211130_ROI7	00:35:22:19	0.768	31.928
     576	00:35:22:20	A001C025_211130_ROI7	00:35:22:20	0.768	31.928
     577	00:35:22:21	A001C025_211130_ROI7	00:35:22:21	0.768	31.928
     578	00:35:22:22	A001C025_211130_ROI7	00:35:22:22	0.768	31.928
     579	00:35:22:23	A001C025_211130_ROI7	00:35:22:23	0.768	31.928
     580	00:35:22:24	A001C025_211130_ROI7	00:35:22:24	0.768	31.928
     581	00:35:23:00	A001C025_211130_ROI7	00:35:23:00	0.768	31.928
     582	00:35:23:01	A001C025_211130_ROI7	00:35:23:01	0.768	31.928
     583	00:35:23:02	A001C025_211130_ROI7	00:35:23:02	0.768	31.928
     584	00:35:23:03	A001C025_211130_ROI7	00:35:23:03	0.768	31.928
     585	00:35:23:04	A001C025_211130_ROI7	00:35:23:04	0.768	31.928
     586	00:35:23:05	A001C025_211130_ROI7	00:35:23:05	0.768	31.928
     587	00:35:23:06	A001C025_211130_ROI7	00:35:23:06	0.768	31.928
     588	00:35:23:07	A001C025_211130_ROI7	00:35:23:07	0.768	31.928
     589	00:35:23:08	A001C025_211130_ROI7	00:35:23:08	0.768	31.928
     590	00:35:23:09	A001C025_211130_ROI7	00:35:23:09	0.768	31.928
     591	00:35:23:10	A001C025_211130_ROI7	00:35:23:10	0.768	31.928
     592	00:35:23:11	A001C025_211130_ROI7	00:35:23:11	0.768	31.928
     593	00:35:23:12	A001C025_211130_ROI7	00:35:23:12	0.768	31.928
     594	00:35:23:13	A001C025_211130_ROI7	00:35:23:13	0.768	31.928
     595	00:35:23:14	A001C025_211130_ROI7	00:35:23:14	0.768	31.928
     596	00:35:23:15	A001C025_211130_ROI7	00:35:23:15	0.768	31.928
     597	00:35:23:16	A001C025_211130_ROI7	00:35:23:16	0.768	31.928
     598	00:35:23:17	A001C025_211130_ROI7	00:35:23:17	0.768	31.928
     599	00:35:23:18	A001C025_211130_ROI7	00:35:23:18	0.768	31.928
     600	00:35:23:19	A001C025_211130_ROI7	00:35:23:19	0.768	31.928
     601	00:35:23:20	A001C025_211130_ROI7	00:35:23:20	0.768	31.928
     602	00:35:23:21	A001C025_211130_ROI7	00:35:23:21	0.768	31.928
     603	00:35:23:22	A001C025_211130_ROI7	00:35:23:22	0.768	31.928
     604	00:35:23:23	A001C025_211130_ROI7	00:35:23:23	0.768	31.928
     605	00:35:23:24	A001C025_211130_ROI7	00:35:23:24	0.768	31.928
     606	00:35:24:00	A001C025_211130_ROI7	00:35:24:00	0.768	31.928
     607	00:35:24:01	A001C025_211130_ROI7	00:35:24:01	0.768	31.928
     608	00:35:24:02	A001C025_211130_ROI7	00:35:24:02	0.768	31.928
     609	00:35:24:03	A001C025_211130_ROI7	00:35:24:03	0.768	31.928
     610	00:35:24:04	A001C025_211130_ROI7	00:35:24:04	0.768	31.928
     611	00:35:24:05	A001C025_211130_ROI7	00:35:24:05	0.768	31.928
     612	00:35:24:06	A001C025_211130_ROI7	00:35:24:06	0.768	31.928
     613	00:35:24:07	A001C025_211130_ROI7	00:35:24:07	0.768	31.928
     614	00:35:24:08	A001C025_211130_ROI7	00:35:24:08	0.768	31.928
     615	00:35:24:09	A001C025_211130_ROI7	00:35:24:09	0.768	31.928
     616	00:35:24:10	A001C025_211130_ROI7	00:35:24:10	0.768	31.928
     617	00:35:24:11	A001C025_211130_ROI7	00:35:24:11	0.768	31.928
     618	00:35:24:12	A001C025_211130_ROI7	00:35:24:12	0.768	31.928
     619	00:35:24:13	A001C025_211130_ROI7	00:35:24:13	0.768	31.928
